champion,damageshare,dmg_mit,n,carry_index,archetype
Sion,0.19912238658865888,2057.761216516652,4444,-4.256834649327309,tank
Udyr,0.199870575310559,1812.7522372670808,644,-3.592783678503407,tank
K'Sante,0.18180178319621323,1432.5342154513692,8873,-3.136003664270576,tank
Galio,0.18747348169014083,1412.230265915493,355,-2.913606423471081,tank
Ornn,0.18458025655755958,1217.320896437319,4491,-2.489419373778615,tank
Shen,0.18824032985436892,1259.0119572815534,412,-2.489417236191315,tank
Skarner,0.2103569356993737,1454.9620895615865,479,-2.3427941517083983,tank
Malphite,0.21015411418861513,1449.7145717926933,1177,-2.3351010808061785,tank
Tahm Kench,0.18357126999999998,1141.390686,50,-2.3206461178857927,tank
Zac,0.1893830631178707,1190.754041444867,263,-2.27654199224979,tank
Poppy,0.21008105163934426,1407.2966277517562,854,-2.226179676864394,tank
Rek'Sai,0.20986643484848483,1335.0607613636364,264,-2.043382369518536,tank
Maokai,0.20105063266932272,1207.7456091633464,251,-1.9729404674353286,tank
Cho'Gath,0.21773403396226415,1327.115927735849,530,-1.787840732760374,tank
Volibear,0.23112107394366196,1456.4025612676057,284,-1.7270619115003658,tank
Sejuani,0.2009897858348968,1074.9909795497185,1066,-1.6270443926133265,tank
Garen,0.2193983307984791,1207.3647460076047,263,-1.4245330926455253,tank
Renekton,0.20608298194692698,979.9007535954902,7273,-1.2260264506601826,tank
Riven,0.20421225280898878,936.4923269662921,178,-1.168144765059947,tank
Yasuo,0.19797655041322315,859.601752892562,121,-1.152796966280831,tank
Zaahen,0.23610540838323354,1289.9779176646705,334,-1.1424525004314896,tank
Warwick,0.20974144736842107,989.5426684210528,38,-1.1421290321830995,tank
Nasus,0.23177616153846156,1211.0662623076923,130,-1.0649313273768235,tank
Singed,0.21880568421052635,1017.8617210526315,38,-0.9458678186639821,bruiser
Trundle,0.2085202593023256,888.6505523255813,86,-0.9143065566129147,bruiser
Darius,0.205361556271777,823.4667235191638,574,-0.8378177892026908,bruiser
Sett,0.22115798463203465,982.4536536796537,462,-0.7829451824762055,bruiser
Ambessa,0.2354205895703396,1122.6044385308385,2886,-0.7244990117302557,bruiser
Kled,0.2296360657276995,1052.6473948356806,213,-0.713850478012198,bruiser
Urgot,0.22606595486381323,960.1124474708172,257,-0.5779980433489283,bruiser
Tryndamere,0.2139661016032064,816.2671613226453,499,-0.5622411292313085,bruiser
Gragas,0.21854197549306065,864.5722636961285,2738,-0.5522392935751241,bruiser
Lee Sin,0.2216902184210526,889.2222394736841,76,-0.5228737105163308,bruiser
Wukong,0.203915529,678.257951,200,-0.5006291027527197,bruiser
Jax,0.2160950319322034,786.4270757288135,4425,-0.4205664960677581,bruiser
Dr. Mundo,0.2666411845637584,1306.0201251677852,298,-0.27342504284011404,bruiser
Olaf,0.24378436275510204,1036.9516770408163,1372,-0.2506209349538199,bruiser
Camille,0.22655765135764158,838.7029358417378,2578,-0.24533182906715395,bruiser
Irelia,0.22783968654205608,841.6151052336448,535,-0.2147094389345016,bruiser
Karma,0.20179339343434344,537.4184691919191,198,-0.19505640113302158,bruiser
Viego,0.21154392592592594,604.9014037037037,27,-0.08089752063489686,bruiser
Aatrox,0.2317278080611536,829.882440328932,4317,-0.06797576728481673,bruiser
Mordekaiser,0.24900179424778762,988.087810840708,452,0.03302734411111774,bruiser
Zilean,0.1888761,279.55053,20,0.09496049958385844,bruiser
Shyvana,0.2692691193181818,1185.4273022727273,176,0.1208374923773391,bruiser
Anivia,0.2206483116883117,591.127135064935,77,0.2268125462713858,bruiser
Sylas,0.22759095454545455,667.8092487012987,154,0.23310255711112182,bruiser
Fiora,0.24739515297619047,875.9998248015872,1512,0.2786739598160452,bruiser
Nidalee,0.24505993333333334,835.8424555555555,90,0.3141822305609818,bruiser
Gnar,0.23929216768484154,724.6615342848987,7006,0.4333044969643237,bruiser
Yorick,0.2508038566871166,837.1439231901841,815,0.4821453289148675,bruiser
Cassiopeia,0.22526636097560976,503.37987073170734,41,0.5944216063733816,bruiser
Yone,0.25510064815573774,838.6112452868853,488,0.6064983484137304,carry
Twisted Fate,0.22179953768115943,390.40664975845414,414,0.7868876694071856,carry
Pantheon,0.24610191666666667,642.8837657407407,108,0.850668335751821,carry
Gwen,0.25769340552699227,696.2293419023136,4668,1.0567814018543613,carry
Illaoi,0.29105585714285714,1038.1980616071428,112,1.1564756487262486,carry
Varus,0.24741884,484.7472474285714,175,1.3041509974721825,carry
Akali,0.24793400144927538,449.5941692431562,621,1.4115940986303015,carry
Rumble,0.2706197679375741,703.6851362109838,5062,1.422915576064728,carry
Swain,0.27327576470588233,731.5766735294118,68,1.4291045164128693,carry
Ryze,0.2562295132743363,532.0731584070796,113,1.4430642157000015,carry
Akshan,0.24549525616438359,390.80529589041095,146,1.492813357254142,carry
Vayne,0.24845208278145695,378.1878798013245,302,1.614078872496651,carry
Graves,0.26599211934673367,571.7120507537688,796,1.6305125430285452,carry
Lillia,0.2742898448275862,620.8883534482759,58,1.749275235868716,carry
Vladimir,0.27016777865612646,512.1342750988142,253,1.911141109359283,carry
Lucian,0.2572177692307692,305.7840974358974,39,2.065246388760659,carry
Kayle,0.263051632,371.7525592,250,2.06651680857113,carry
Kennen,0.2672432660972405,390.0235699080158,1522,2.1437201331924505,carry
Tristana,0.2691191851851852,398.7593185185185,27,2.176808109499639,carry
LeBlanc,0.2659980476190476,335.10211428571426,21,2.250419114087322,carry
Aurora,0.27275029289428077,382.0960275563258,577,2.328788002317242,carry
Jayce,0.2860325260367945,483.4680500155909,3207,2.4595539376840696,carry
Quinn,0.28033756,377.34084199999995,50,2.5676114991503862,carry
Teemo,0.2891784,419.50534500000003,20,2.7209435324782403,carry
Gangplank,0.2963368243902439,460.55112487804877,1640,2.8270102877570404,carry
Zeri,0.3033019736842105,464.6972473684211,38,3.023958346096806,carry
Smolder,0.32856237037037034,401.3889148148148,54,3.9434283157952157,carry
Corki,0.3270767931034483,366.2929379310345,29,3.9910291366460022,carry
