role,year,OR,lo,hi,p,cp_gold,bp_gold,n,p_fdr
top,2025,1.0097052399664996,0.9684293459662469,1.0527403737425982,0.6501493681174874,-6.5220228384991845,6.5220228384991845,18390,0.8126867101468592
jng,2025,0.9961927639907241,0.9562582476869192,1.0377949946345375,0.855001551851473,43.20587275693312,-43.20587275693312,18390,0.855001551851473
mid,2025,0.9597474021704954,0.9209137738087918,1.0002185895899787,0.051220434946568416,-9.616095704187059,9.616095704187059,18390,0.5122043494656842
bot,2025,1.0103793261076692,0.9698493180853135,1.0526030833750473,0.6210634129987533,-17.289070146818922,17.289070146818922,18390,0.8126867101468592
sup,2025,1.0327958895770701,0.991285316882367,1.0760447384432208,0.12312249079124711,10.410657966286024,-10.410657966286024,18390,0.5255599213170706
top,2026,1.0416481589749342,0.984326345130708,1.102308083557176,0.1576679763951212,-31.765111561866124,31.765111561866124,9860,0.5255599213170706
jng,2026,0.9800592594891073,0.92676220983708,1.0364213623677978,0.4801650100995446,32.50993914807302,-32.50993914807302,9860,0.8002750168325744
mid,2026,1.0229894765326562,0.9673763332718742,1.0817997433915354,0.4254570972787277,27.244016227180527,-27.244016227180527,9860,0.8002750168325744
bot,2026,0.9716691887535539,0.9188217108043581,1.0275562726379923,0.31380260739022103,9.00709939148073,-9.00709939148073,9860,0.7845065184755526
sup,2026,0.9946506731564649,0.9406647787664735,1.0517348836085387,0.8505742258941844,-11.064908722109534,11.064908722109534,9860,0.855001551851473
