league,year,blue_wr,blue_herald,n,D,blue_adv,herald_adv,post,D_post,D_2022,D_2023,D_2024,D_2026
AL,2023,0.4913294797687861,0.5606936416184971,173,0.0,-0.8670520231213896,6.069364161849711,0,0.0,0.0,0.0,0.0,0.0
AL,2024,0.5328947368421053,0.5592105263157895,152,0.0,3.289473684210531,5.921052631578949,0,0.0,0.0,0.0,0.0,0.0
AL,2025,0.5563139931740614,0.621160409556314,293,0.0,5.631399317406139,12.116040955631401,0,0.0,0.0,0.0,0.0,0.0
AL,2026,0.5635593220338984,0.6483050847457628,236,0.0,6.355932203389836,14.830508474576277,1,0.0,0.0,0.0,0.0,0.0
CBLOL,2022,0.5390946502057613,0.5637860082304527,243,0.6153846153846154,3.9094650205761305,6.378600823045266,0,0.0,0.6153846153846154,0.0,0.0,0.0
CBLOL,2023,0.512396694214876,0.5991735537190083,242,0.6153846153846154,1.2396694214875992,9.917355371900827,0,0.0,0.0,0.6153846153846154,0.0,0.0
CBLOL,2024,0.5171102661596958,0.6387832699619772,263,0.6153846153846154,1.7110266159695797,13.878326996197721,0,0.0,0.0,0.0,0.6153846153846154,0.0
CBLOL,2026,0.5739644970414202,0.6568047337278107,169,0.6153846153846154,7.396449704142016,15.680473372781067,1,0.6153846153846154,0.0,0.0,0.0,0.6153846153846154
EBL,2022,0.4397590361445783,0.536144578313253,166,0.0,-6.024096385542172,3.6144578313253017,0,0.0,0.0,0.0,0.0,0.0
EBL,2023,0.5408805031446541,0.5786163522012578,159,0.0,4.0880503144654075,7.861635220125784,0,0.0,0.0,0.0,0.0,0.0
EBL,2024,0.4859154929577465,0.5563380281690141,142,0.0,-1.4084507042253502,5.633802816901412,0,0.0,0.0,0.0,0.0,0.0
EBL,2025,0.4816753926701571,0.5445026178010471,191,0.0,-1.8324607329842924,4.450261780104714,0,0.0,0.0,0.0,0.0,0.0
EBL,2026,0.45454545454545453,0.49242424242424243,132,0.0,-4.545454545454547,-0.7575757575757569,1,0.0,0.0,0.0,0.0,0.0
EM,2023,0.5498154981549815,0.5756457564575646,271,0.48275862068965514,4.981549815498154,7.564575645756455,0,0.0,0.0,0.48275862068965514,0.0,0.0
EM,2024,0.5614035087719298,0.6215538847117794,399,0.48275862068965514,6.140350877192979,12.155388471177941,0,0.0,0.0,0.0,0.48275862068965514,0.0
EM,2025,0.5239179954441914,0.6059225512528473,439,0.48275862068965514,2.3917995444191376,10.592255125284733,0,0.0,0.0,0.0,0.0,0.0
EM,2026,0.5689655172413793,0.603448275862069,174,0.48275862068965514,6.896551724137934,10.344827586206895,1,0.48275862068965514,0.0,0.0,0.0,0.48275862068965514
HC,2022,0.5925925925925926,0.5493827160493827,162,0.013513513513513487,9.259259259259256,4.938271604938271,0,0.0,0.013513513513513487,0.0,0.0,0.0
HC,2023,0.5319148936170213,0.6382978723404256,141,0.013513513513513487,3.1914893617021267,13.829787234042556,0,0.0,0.0,0.013513513513513487,0.0,0.0
HC,2024,0.4594594594594595,0.5765765765765766,111,0.013513513513513487,-4.054054054054052,7.657657657657657,0,0.0,0.0,0.0,0.013513513513513487,0.0
HC,2025,0.59,0.66,200,0.013513513513513487,8.999999999999996,16.000000000000004,0,0.0,0.0,0.0,0.0,0.0
HC,2026,0.47297297297297297,0.6216216216216216,74,0.013513513513513487,-2.7027027027027026,12.16216216216216,1,0.013513513513513487,0.0,0.0,0.0,0.013513513513513487
HM,2022,0.49673202614379086,0.6013071895424836,153,0.0,-0.32679738562091387,10.130718954248364,0,0.0,0.0,0.0,0.0,0.0
HM,2023,0.5493827160493827,0.5987654320987654,162,0.0,4.938271604938271,9.876543209876543,0,0.0,0.0,0.0,0.0,0.0
HM,2024,0.5612903225806452,0.5806451612903226,155,0.0,6.129032258064515,8.064516129032262,0,0.0,0.0,0.0,0.0,0.0
HM,2025,0.5052631578947369,0.6,190,0.0,0.5263157894736858,9.999999999999998,0,0.0,0.0,0.0,0.0,0.0
HM,2026,0.5294117647058824,0.6,85,0.0,2.941176470588236,9.999999999999998,1,0.0,0.0,0.0,0.0,0.0
HW,2024,0.5952380952380952,0.6190476190476191,84,0.07920792079207917,9.523809523809524,11.904761904761907,0,0.0,0.0,0.0,0.07920792079207917,0.0
HW,2025,0.5964912280701754,0.6052631578947368,114,0.07920792079207917,9.649122807017541,10.526315789473683,0,0.0,0.0,0.0,0.0,0.0
HW,2026,0.5825242718446602,0.7087378640776699,103,0.07920792079207917,8.252427184466015,20.873786407766993,1,0.07920792079207917,0.0,0.0,0.0,0.07920792079207917
LAS,2022,0.5066079295154186,0.6211453744493393,227,0.0,0.6607929515418554,12.114537444933926,0,0.0,0.0,0.0,0.0,0.0
LAS,2023,0.5409252669039146,0.5729537366548043,281,0.0,4.0925266903914626,7.295373665480431,0,0.0,0.0,0.0,0.0,0.0
LAS,2024,0.5605536332179931,0.643598615916955,289,0.0,6.055363321799312,14.3598615916955,0,0.0,0.0,0.0,0.0,0.0
LAS,2025,0.5112936344969199,0.5318275154004107,487,0.0,1.129363449691989,3.1827515400410733,0,0.0,0.0,0.0,0.0,0.0
LAS,2026,0.5502183406113537,0.6419213973799127,229,0.0,5.021834061135366,14.192139737991273,1,0.0,0.0,0.0,0.0,0.0
LCK,2022,0.5074946466809421,0.5610278372591007,467,0.7051671732522796,0.749464668094213,6.102783725910066,0,0.0,0.7051671732522796,0.0,0.0,0.0
LCK,2023,0.5112936344969199,0.5893223819301848,487,0.7051671732522796,1.129363449691989,8.932238193018483,0,0.0,0.0,0.7051671732522796,0.0,0.0
LCK,2024,0.5145228215767634,0.6410788381742739,482,0.7051671732522796,1.4522821576763434,14.10788381742739,0,0.0,0.0,0.0,0.7051671732522796,0.0
LCK,2025,0.5099099099099099,0.6198198198198198,555,0.7051671732522796,0.990990990990992,11.981981981981981,0,0.0,0.0,0.0,0.0,0.0
LCK,2026,0.5683890577507599,0.6200607902735562,329,0.7051671732522796,6.838905775075988,12.006079027355621,1,0.7051671732522796,0.0,0.0,0.0,0.7051671732522796
LCKC,2022,0.5063291139240507,0.6126582278481013,395,0.5414201183431953,0.6329113924050667,11.265822784810132,0,0.0,0.5414201183431953,0.0,0.0,0.0
LCKC,2023,0.5450901803607214,0.5390781563126252,499,0.5414201183431953,4.509018036072144,3.9078156312625234,0,0.0,0.0,0.5414201183431953,0.0,0.0
LCKC,2024,0.5518590998043053,0.6281800391389433,511,0.5414201183431953,5.185909980430525,12.818003913894326,0,0.0,0.0,0.0,0.5414201183431953,0.0
LCKC,2025,0.5276752767527675,0.5738007380073801,542,0.5414201183431953,2.7675276752767486,7.380073800738007,0,0.0,0.0,0.0,0.0,0.0
LCKC,2026,0.5266272189349113,0.6390532544378699,338,0.5414201183431953,2.6627218934911268,13.905325443786987,1,0.5414201183431953,0.0,0.0,0.0,0.5414201183431953
LCS,2022,0.4934640522875817,0.5816993464052288,306,0.6736111111111112,-0.6535947712418277,8.16993464052288,0,0.0,0.6736111111111112,0.0,0.0,0.0
LCS,2023,0.5454545454545454,0.5568181818181818,264,0.6736111111111112,4.545454545454541,5.681818181818176,0,0.0,0.0,0.6736111111111112,0.0,0.0
LCS,2024,0.5416666666666666,0.578125,192,0.6736111111111112,4.1666666666666625,7.8125,0,0.0,0.0,0.0,0.6736111111111112,0.0
LCS,2026,0.5347222222222222,0.6736111111111112,144,0.6736111111111112,3.472222222222221,17.361111111111114,1,0.6736111111111112,0.0,0.0,0.0,0.6736111111111112
LEC,2022,0.5349794238683128,0.6296296296296297,243,0.4243697478991597,3.4979423868312765,12.962962962962965,0,0.0,0.4243697478991597,0.0,0.0,0.0
LEC,2023,0.5729166666666666,0.5347222222222222,288,0.4243697478991597,7.2916666666666625,3.472222222222221,0,0.0,0.0,0.4243697478991597,0.0,0.0
LEC,2024,0.5544217687074829,0.6360544217687075,294,0.4243697478991597,5.442176870748295,13.605442176870753,0,0.0,0.0,0.0,0.4243697478991597,0.0
LEC,2025,0.5588235294117647,0.6176470588235294,306,0.4243697478991597,5.882352941176472,11.764705882352944,0,0.0,0.0,0.0,0.0,0.0
LEC,2026,0.5252100840336135,0.6218487394957983,238,0.4243697478991597,2.5210084033613467,12.184873949579833,1,0.4243697478991597,0.0,0.0,0.0,0.4243697478991597
LFL,2022,0.5668016194331984,0.6234817813765182,247,0.0,6.68016194331984,12.348178137651821,0,0.0,0.0,0.0,0.0,0.0
LFL,2023,0.5247933884297521,0.5909090909090909,242,0.0,2.4793388429752095,9.090909090909093,0,0.0,0.0,0.0,0.0,0.0
LFL,2024,0.47257383966244726,0.6033755274261603,237,0.0,-2.742616033755274,10.33755274261603,0,0.0,0.0,0.0,0.0,0.0
LFL,2025,0.5880503144654088,0.6289308176100629,318,0.0,8.805031446540879,12.893081761006286,0,0.0,0.0,0.0,0.0,0.0
LFL,2026,0.5028571428571429,0.6457142857142857,175,0.0,0.28571428571428914,14.57142857142857,1,0.0,0.0,0.0,0.0,0.0
LIT,2024,0.5033557046979866,0.610738255033557,149,0.021739130434782594,0.3355704697986628,11.073825503355705,0,0.0,0.0,0.0,0.021739130434782594,0.0
LIT,2025,0.48201438848920863,0.5539568345323741,139,0.021739130434782594,-1.7985611510791366,5.39568345323741,0,0.0,0.0,0.0,0.0,0.0
LIT,2026,0.48947368421052634,0.6421052631578947,190,0.021739130434782594,-1.0526315789473661,14.210526315789473,1,0.021739130434782594,0.0,0.0,0.0,0.021739130434782594
LJL,2022,0.5162790697674419,0.5395348837209303,215,0.0,1.6279069767441867,3.953488372093028,0,0.0,0.0,0.0,0.0,0.0
LJL,2023,0.5930232558139535,0.5465116279069767,258,0.0,9.302325581395355,4.651162790697672,0,0.0,0.0,0.0,0.0,0.0
LJL,2024,0.527027027027027,0.6351351351351351,148,0.0,2.7027027027026973,13.513513513513509,0,0.0,0.0,0.0,0.0,0.0
LJL,2025,0.5026737967914439,0.5748663101604278,374,0.0,0.2673796791443861,7.486631016042777,0,0.0,0.0,0.0,0.0,0.0
LJL,2026,0.5064935064935064,0.6233766233766234,308,0.0,0.649350649350644,12.337662337662337,1,0.0,0.0,0.0,0.0,0.0
LPLOL,2022,0.4788732394366197,0.5774647887323944,213,0.0,-2.1126760563380307,7.746478873239438,0,0.0,0.0,0.0,0.0,0.0
LPLOL,2023,0.575,0.58125,160,0.0,7.499999999999996,8.125000000000004,0,0.0,0.0,0.0,0.0,0.0
LPLOL,2024,0.538961038961039,0.6233766233766234,154,0.0,3.8961038961038974,12.337662337662337,0,0.0,0.0,0.0,0.0,0.0
LPLOL,2025,0.5,0.620253164556962,158,0.0,0.0,12.0253164556962,0,0.0,0.0,0.0,0.0,0.0
LPLOL,2026,0.5,0.5512820512820513,78,0.0,0.0,5.128205128205132,1,0.0,0.0,0.0,0.0,0.0
LRN,2023,0.603448275862069,0.5431034482758621,116,0.37209302325581395,10.344827586206895,4.31034482758621,0,0.0,0.0,0.37209302325581395,0.0,0.0
LRN,2024,0.5604395604395604,0.6043956043956044,91,0.37209302325581395,6.043956043956045,10.439560439560436,0,0.0,0.0,0.0,0.37209302325581395,0.0
LRN,2025,0.4966887417218543,0.5960264900662252,151,0.37209302325581395,-0.3311258278145712,9.60264900662252,0,0.0,0.0,0.0,0.0,0.0
LRN,2026,0.47674418604651164,0.6395348837209303,86,0.37209302325581395,-2.325581395348836,13.953488372093027,1,0.37209302325581395,0.0,0.0,0.0,0.37209302325581395
LRS,2023,0.48739495798319327,0.5966386554621849,119,0.3522727272727273,-1.2605042016806733,9.663865546218487,0,0.0,0.0,0.3522727272727273,0.0,0.0
LRS,2024,0.5294117647058824,0.5882352941176471,102,0.3522727272727273,2.941176470588236,8.823529411764708,0,0.0,0.0,0.0,0.3522727272727273,0.0
LRS,2025,0.5882352941176471,0.6176470588235294,136,0.3522727272727273,8.823529411764708,11.764705882352944,0,0.0,0.0,0.0,0.0,0.0
LRS,2026,0.4772727272727273,0.5568181818181818,88,0.3522727272727273,-2.2727272727272707,5.681818181818176,1,0.3522727272727273,0.0,0.0,0.0,0.3522727272727273
NACL,2023,0.5331010452961672,0.562137049941928,861,0.48484848484848486,3.3101045296167197,6.2137049941928035,0,0.0,0.0,0.48484848484848486,0.0,0.0
NACL,2024,0.5450819672131147,0.6229508196721312,488,0.48484848484848486,4.508196721311474,12.295081967213118,0,0.0,0.0,0.0,0.48484848484848486,0.0
NACL,2025,0.52,0.6036363636363636,275,0.48484848484848486,2.0000000000000018,10.363636363636363,0,0.0,0.0,0.0,0.0,0.0
NACL,2026,0.5984848484848485,0.6893939393939394,132,0.48484848484848486,9.848484848484851,18.939393939393945,1,0.48484848484848486,0.0,0.0,0.0,0.48484848484848486
NLC,2022,0.5,0.569672131147541,244,0.26595744680851063,0.0,6.9672131147541005,0,0.0,0.26595744680851063,0.0,0.0,0.0
NLC,2023,0.5796178343949044,0.5987261146496815,157,0.26595744680851063,7.9617834394904445,9.87261146496815,0,0.0,0.0,0.26595744680851063,0.0,0.0
NLC,2024,0.4807692307692308,0.6009615384615384,208,0.26595744680851063,-1.9230769230769218,10.096153846153843,0,0.0,0.0,0.0,0.26595744680851063,0.0
NLC,2025,0.5983935742971888,0.6385542168674698,249,0.26595744680851063,9.839357429718875,13.855421686746983,0,0.0,0.0,0.0,0.0,0.0
NLC,2026,0.40425531914893614,0.5425531914893617,94,0.26595744680851063,-9.574468085106385,4.255319148936165,1,0.26595744680851063,0.0,0.0,0.0,0.26595744680851063
PCS,2022,0.6043956043956044,0.5860805860805861,273,0.0,10.439560439560436,8.608058608058611,0,0.0,0.0,0.0,0.0,0.0
PCS,2023,0.5392491467576792,0.5631399317406144,293,0.0,3.924914675767921,6.313993174061439,0,0.0,0.0,0.0,0.0,0.0
PCS,2024,0.5420875420875421,0.6060606060606061,297,0.0,4.208754208754206,10.606060606060607,0,0.0,0.0,0.0,0.0,0.0
PCS,2025,0.4867549668874172,0.5993377483443708,302,0.0,-1.3245033112582794,9.93377483443708,0,0.0,0.0,0.0,0.0,0.0
PCS,2026,0.4883720930232558,0.5581395348837209,43,0.0,-1.1627906976744207,5.813953488372093,1,0.0,0.0,0.0,0.0,0.0
PRM,2022,0.48497854077253216,0.5708154506437768,233,0.0,-1.5021459227467837,7.081545064377681,0,0.0,0.0,0.0,0.0,0.0
PRM,2023,0.5206611570247934,0.5743801652892562,242,0.0,2.066115702479343,7.438016528925617,0,0.0,0.0,0.0,0.0,0.0
PRM,2024,0.4854771784232365,0.6556016597510373,241,0.0,-1.452282157676349,15.560165975103734,0,0.0,0.0,0.0,0.0,0.0
PRM,2025,0.5548172757475083,0.627906976744186,301,0.0,5.481727574750828,12.790697674418606,0,0.0,0.0,0.0,0.0,0.0
PRM,2026,0.6363636363636364,0.6606060606060606,165,0.0,13.636363636363635,16.060606060606062,1,0.0,0.0,0.0,0.0,0.0
TCL,2022,0.5022421524663677,0.6053811659192825,223,0.0,0.22421524663677195,10.538116591928247,0,0.0,0.0,0.0,0.0,0.0
TCL,2023,0.5444444444444444,0.65,180,0.0,4.444444444444439,15.000000000000002,0,0.0,0.0,0.0,0.0,0.0
TCL,2024,0.5138121546961326,0.6685082872928176,181,0.0,1.3812154696132617,16.850828729281766,0,0.0,0.0,0.0,0.0,0.0
TCL,2025,0.5416666666666666,0.6208333333333333,240,0.0,4.1666666666666625,12.083333333333336,0,0.0,0.0,0.0,0.0,0.0
TCL,2026,0.5785714285714286,0.6285714285714286,140,0.0,7.857142857142863,12.857142857142856,1,0.0,0.0,0.0,0.0,0.0
VCS,2022,0.49538461538461537,0.6,325,0.0,-0.46153846153846323,9.999999999999998,0,0.0,0.0,0.0,0.0,0.0
VCS,2023,0.5359116022099447,0.6243093922651933,362,0.0,3.5911602209944715,12.430939226519333,0,0.0,0.0,0.0,0.0,0.0
VCS,2024,0.49603174603174605,0.6309523809523809,252,0.0,-0.3968253968253954,13.095238095238093,0,0.0,0.0,0.0,0.0,0.0
VCS,2025,0.524822695035461,0.574468085106383,141,0.0,2.4822695035460973,7.446808510638303,0,0.0,0.0,0.0,0.0,0.0
VCS,2026,0.43820224719101125,0.550561797752809,89,0.0,-6.179775280898875,5.0561797752809,1,0.0,0.0,0.0,0.0,0.0
