label,group,year,OR,lo,hi,p,p_fdr,n
First pick priority,draft,2026,0.9391497206647015,0.825490307295279,1.068458575503411,0.3401385626601019,0.3401385626601019,9878
Blue side (map),side,2026,1.2687441362144434,1.1151959733762915,1.4434339090241513,0.0002984800226906426,0.0002984800226906426,9878
Blue side (map),side_year,2025,1.301728941751672,1.1994518790137334,1.4127271526618086,2.682254047195339e-10,2.682254047195339e-10,18442
Blue side (map),side_year,2026,1.2334216712599653,1.10378879634843,1.3782790912234368,0.000213076815258872,0.000213076815258872,10000
Counterpick top,draft,2025,1.0097052399664996,0.9684293459662469,1.0527403737425982,0.6501493681174874,0.8126867101468592,18390
Counterpick jng,draft,2025,0.9961927639907241,0.9562582476869192,1.0377949946345375,0.855001551851473,0.855001551851473,18390
Counterpick mid,draft,2025,0.9597474021704954,0.9209137738087918,1.0002185895899787,0.051220434946568416,0.5122043494656842,18390
Counterpick bot,draft,2025,1.0103793261076692,0.9698493180853135,1.0526030833750473,0.6210634129987533,0.8126867101468592,18390
Counterpick sup,draft,2025,1.0327958895770701,0.991285316882367,1.0760447384432208,0.12312249079124711,0.5255599213170706,18390
Counterpick top,draft,2026,1.0416481589749342,0.984326345130708,1.102308083557176,0.1576679763951212,0.5255599213170706,9860
Counterpick jng,draft,2026,0.9800592594891073,0.92676220983708,1.0364213623677978,0.4801650100995446,0.8002750168325744,9860
Counterpick mid,draft,2026,1.0229894765326562,0.9673763332718742,1.0817997433915354,0.4254570972787277,0.8002750168325744,9860
Counterpick bot,draft,2026,0.9716691887535539,0.9188217108043581,1.0275562726379923,0.31380260739022103,0.7845065184755526,9860
Counterpick sup,draft,2026,0.9946506731564649,0.9406647787664735,1.0517348836085387,0.8505742258941844,0.855001551851473,9860
