param,OR,ci90_lo,ci90_hi,tost_p_10,tost_p_5,equivalent_10
First pick (2026),0.9391497206647015,0.8427827762251878,1.0465356230641805,0.31056077871720433,0.5692777903210053,False
Counterpick top 2025,1.0097052399664996,0.9749473336360229,1.0457023025168026,2.8834344253145632e-05,0.03306058778013248,True
Counterpick jng 2025,0.9961927639907241,0.9625666170045403,1.0309936013735634,5.8456683459725705e-06,0.011466249614518585,True
Counterpick mid 2025,0.9597474021704954,0.9270472238974566,0.9936010294065685,0.005038737166292349,0.3140472426143974,True
Counterpick bot 2025,1.0103793261076692,0.9762516811340242,1.0456999996557639,2.3650106539333737e-05,0.03277709149125597,True
Counterpick sup 2025,1.0327958895770701,0.9978423481968326,1.068973822823646,0.00129767041385434,0.21495896343391702,True
Counterpick top 2026,1.0416481589749342,0.9933213684818923,1.0923261308212253,0.029552050375690576,0.3910685945687147,True
Counterpick jng 2026,0.9800592594891073,0.9351280954214455,1.0271492823423831,0.0042089827706722205,0.13743317603517924,True
Counterpick mid 2026,1.0229894765326562,0.9761058403197308,1.0721249949224427,0.005463564277458766,0.18040665856219196,True
Counterpick bot 2026,0.9716691887535539,0.927117002773461,1.0183623097716916,0.009819977416412905,0.21463183524617374,True
Counterpick sup 2026,0.9946506731564649,0.9491391902919774,1.04234444402856,0.0007911729136914047,0.05335481334692481,True
Blue side (2026),1.2334216712599653,1.1236641454097576,1.3539001180632624,0.9783441205986073,0.9977570435683718,False
