year,channel,indirect_pp,a,b,ci_lo,ci_hi
2022,firstherald,-0.6488285604314017,0.1561883281646381,-0.04154142425722565,,
2022,firstdragon,-1.8126243520645422,-0.18767033173572942,0.09658555698707959,,
2022,z_gold15,3.864204856227767,0.15594583477727028,0.24779147591513548,,
2022,firsttower,0.6234886471577044,0.08467249318672629,0.07363532402225824,,
2022,direct_residual,2.569192169189212,,,,
2023,firstherald,-0.5847283950191631,0.15185145662149394,-0.038506604284782156,,
2023,firstdragon,-1.865492317090553,-0.14480845160602077,0.12882482316474064,,
2023,z_gold15,4.591382354662293,0.19520092383769108,0.2352131467615395,,
2023,firsttower,0.8272470708863238,0.08270195283320993,0.10002751356484693,,
2023,direct_residual,3.72244605126057,,,,
2024,firstherald,1.4838629084315202,0.2266530334015016,0.06546847779455704,,
2024,firstdragon,-2.1741309036543233,-0.22494887525562596,0.09665000108063213,,
2024,z_gold15,4.9729921676923565,0.2255904958193422,0.22044333692474516,,
2024,firsttower,0.8341455161860599,0.09656896159963728,0.086378221570231,,
2024,direct_residual,0.6318237900991879,,,,
2025,firstherald,2.4547081575851895,0.21516104543976133,0.11408701573131343,2.0013411417404603,2.9348531784076455
2025,firstdragon,-2.821885289891641,-0.23652532263312456,0.11930584254053335,-3.3148042169959564,-2.367738614929128
2025,z_gold15,3.594364980620686,0.18869326542044498,0.19048718949305093,2.814842900909802,4.413515158849879
2025,firsttower,1.3609954206488564,0.09294002819650976,0.14643802536526093,1.0314645608466362,1.7613952310124046
2025,direct_residual,1.9946168611747879,,,0.3046148066573634,3.641866063049732
2026,firstherald,2.014299115774357,0.2508000000000007,0.08031495676931226,1.3406355673007995,2.8073356306176542
2026,firstdragon,-1.8767185816706975,-0.17400000000000054,0.10785738975118918,-2.448615235474856,-1.3523908581128448
2026,z_gold15,2.585016731707811,0.1386702927103501,0.18641460122301093,1.5386858290999772,3.6607477934124186
2026,firsttower,1.26072687844021,0.0716000000000002,0.17607917296650924,0.7187293221362006,1.7922949972218432
2026,direct_residual,1.256675855748317,,,-1.134862905037713,3.4941238962886088
