feature,permutation_auc_drop,fold_sd
golddiffat15,0.0910312463143953,0.00331162049538131
xpdiffat15,0.0244506293421628,0.000651852542025151
firstdragon,0.00795805813757958,0.000774908545601673
firsttower,0.00473657928288201,0.000471925962082513
golddiffat10,0.00179856955240643,0.000298125012511506
firstherald,0.000730031752372322,0.000135131127033603
xpdiffat10,0.000351353162019832,0.000177768044228943
blue,0.000186229972769181,3.305952635504e-05
void_grubs,0.000118768178632385,5.08204101829068e-05
firstblood,-2.7777369437918e-05,2.3885693486696e-05
