validation,fold,model,auc,log_loss,brier,auc_without_blue,delta_auc_blue,n_test_team_games,n_test_games
GroupKFold,1,Logistic regression,0.829884805368823,0.504588913951242,0.168391441679454,0.82924346206379,0.000641343305033071,17214,8607
GroupKFold,1,Random forest,0.829042437364277,0.505749531113416,0.168834504538102,0.828823175734262,0.000219261630015066,17214,8607
GroupKFold,1,XGBoost,0.829633976705514,0.505798117663214,0.16851532459259,0.828803649664704,0.000830327040809542,17214,8607
GroupKFold,2,Logistic regression,0.834809721523151,0.49867325937516,0.165942436788987,0.834238855652724,0.000570865870426873,17214,8607
GroupKFold,2,Random forest,0.833563495275251,0.500838993285465,0.166619066716733,0.833363496487447,0.00019999878780419,17214,8607
GroupKFold,2,XGBoost,0.833739513376869,0.500882450560215,0.166461244225502,0.833255202057428,0.000484311319441266,17214,8607
GroupKFold,3,Logistic regression,0.837158735363496,0.49474418206931,0.164723300304409,0.836658967874236,0.000499767489260061,17214,8607
GroupKFold,3,Random forest,0.834906899659855,0.498343490356268,0.165933141521428,0.834727716080663,0.000179183579192443,17214,8607
GroupKFold,3,XGBoost,0.835891315939513,0.496783443961624,0.16537806391716,0.83518428728746,0.000707028652053521,17214,8607
GroupKFold,4,Logistic regression,0.831569203906958,0.502417609691911,0.16766762603317,0.831185202454699,0.000384001452258809,17214,8607
GroupKFold,4,Random forest,0.830561799105726,0.504091941625514,0.16806964527602,0.830390336862024,0.000171462243702014,17214,8607
GroupKFold,4,XGBoost,0.830344751285187,0.50477834971712,0.168240025639534,0.829991770163272,0.000352981121915175,17214,8607
GroupKFold,5,Logistic regression,0.838318339566219,0.494372174813971,0.164138136302001,0.837913617397216,0.000404722169003002,17214,8607
GroupKFold,5,Random forest,0.836082216510324,0.498005350764974,0.165384173369221,0.835898065358648,0.000184151151675915,17214,8607
GroupKFold,5,XGBoost,0.83596850229674,0.497389800447873,0.165362507104874,0.835535675546459,0.000432826750280668,17214,8607
Train <= 2024; test 2025,2025,Logistic regression,0.829310264508122,0.50505356493436,0.168886474574191,,,18442,9221
Train <= 2024; test 2025,2025,Random forest,0.826982940598722,0.509356417662262,0.170343358662337,,,18442,9221
Train <= 2024; test 2025,2025,XGBoost,0.826583913660864,0.507804840876673,0.170141845941544,,,18442,9221
Train <= 2025; test 2026,2026,Logistic regression,0.84471804,0.486738303029449,0.161266249152609,,,10000,5000
Train <= 2025; test 2026,2026,Random forest,0.84429648,0.486324584770105,0.1611813732739,,,10000,5000
Train <= 2025; test 2026,2026,XGBoost,0.84379764,0.489200090070441,0.161753952503204,,,10000,5000
