year,role,or_full,n_full,or_clean,n_clean,or_nonflex,n_nonflex
2025,top,1.0097052399664996,18390,1.0097052399664996,18390,0.9940030280536296,15120.0
2025,jng,0.9961927639907241,18390,0.9961927639907241,18390,,
2025,mid,0.9597474021704954,18390,0.9597474021704954,18390,,
2025,bot,1.0103793261076692,18390,1.0103793261076692,18390,,
2025,sup,1.0327958895770701,18390,1.0327958895770701,18390,,
2026,top,1.0416481589749342,9860,1.0416481589749342,9860,1.0219835201018534,7934.0
2026,jng,0.9800592594891073,9860,0.9800592594891073,9860,,
2026,mid,1.0229894765326562,9860,1.0229894765326562,9860,,
2026,bot,0.9716691887535539,9860,0.9716691887535539,9860,,
2026,sup,0.9946506731564649,9860,0.9946506731564649,9860,,
